{"cameraMode":{"drawMode":0,"name":"Shaded","section":"Shading Mode"},"sceneLighting":true,"audioPlay":false,"sceneViewState":{"showFog":true,"showMaterialUpdate":false,"showSkybox":true,"showFlares":true,"showImageEffects":true,"showParticleSystems":true},"in2DMode":false,"pivot":{"x":1295.399169921875,"y":676.6326904296875,"z":-695.357421875},"rotation":{"x":-0.0540933795273304,"y":-0.4403742253780365,"z":0.026587149128317834,"w":-0.895801305770874},"size":582.5145874023438,"orthographic":false}