{"cameraMode":{"drawMode":0,"name":"Shaded","section":"Shading Mode"},"sceneLighting":false,"audioPlay":false,"sceneViewState":{"showFog":true,"showMaterialUpdate":false,"showSkybox":false,"showFlares":true,"showImageEffects":true,"showParticleSystems":true},"in2DMode":false,"pivot":{"x":41.853153228759769,"y":0.49343031644821169,"z":8.313239097595215},"rotation":{"x":-0.00698463898152113,"y":-0.988095223903656,"z":0.14630530774593354,"w":-0.04717132821679115},"size":5.180379867553711,"orthographic":false}