{"cameraMode":{"drawMode":0,"name":"Shaded","section":"Shading Mode"},"sceneLighting":false,"audioPlay":false,"sceneViewState":{"showFog":true,"showMaterialUpdate":false,"showSkybox":false,"showFlares":true,"showImageEffects":true,"showParticleSystems":true},"in2DMode":false,"pivot":{"x":-9.524999618530274,"y":-0.02200007438659668,"z":3.7330002784729006},"rotation":{"x":-0.08850133419036865,"y":-0.6961613893508911,"z":0.08711447566747666,"w":-0.7071094512939453},"size":3.2887790203094484,"orthographic":false}