{"cameraMode":{"drawMode":0,"name":"Shaded","section":"Shading Mode"},"sceneLighting":false,"audioPlay":false,"sceneViewState":{"showFog":true,"showMaterialUpdate":false,"showSkybox":false,"showFlares":true,"showImageEffects":true,"showParticleSystems":true},"in2DMode":false,"pivot":{"x":-0.019473815336823465,"y":2.484574317932129,"z":0.4009976387023926},"rotation":{"x":0.004636503290385008,"y":-0.9954037070274353,"z":0.06509986519813538,"w":0.07058242708444596},"size":11.56041431427002,"orthographic":false}