{"cameraMode":{"drawMode":0,"name":"Shaded","section":"Shading Mode"},"sceneLighting":true,"audioPlay":false,"sceneViewState":{"showFog":true,"showMaterialUpdate":false,"showSkybox":true,"showFlares":true,"showImageEffects":true,"showParticleSystems":true},"in2DMode":false,"pivot":{"x":-8.750293731689454,"y":-4.772250652313232,"z":10.407289505004883},"rotation":{"x":-0.22232171893119813,"y":0.38391077518463137,"z":-0.09578173607587815,"w":-0.8911001682281494},"size":28.995176315307618,"orthographic":false}