{"cameraMode":{"drawMode":0,"name":"Shaded","section":"Shading Mode"},"sceneLighting":false,"audioPlay":false,"sceneViewState":{"showFog":true,"showMaterialUpdate":false,"showSkybox":false,"showFlares":true,"showImageEffects":true,"showParticleSystems":true},"in2DMode":false,"pivot":{"x":4.244576454162598,"y":-5.215306282043457,"z":31.037883758544923},"rotation":{"x":-0.20259404182434083,"y":-0.0005817726487293839,"z":0.00010702023428166285,"w":-0.979290783405304},"size":7.671422958374023,"orthographic":false}