{"cameraMode":{"drawMode":0,"name":"Shaded","section":"Shading Mode"},"sceneLighting":false,"audioPlay":false,"sceneViewState":{"showFog":true,"showMaterialUpdate":false,"showSkybox":false,"showFlares":true,"showImageEffects":true,"showParticleSystems":true},"in2DMode":false,"pivot":{"x":-1.302049994468689,"y":21.680038452148439,"z":81.59054565429688},"rotation":{"x":-0.08850133419036865,"y":-0.6961613893508911,"z":0.08711447566747666,"w":-0.7071094512939453},"size":59.9809455871582,"orthographic":false}