{"cameraMode":{"drawMode":0,"name":"Shaded","section":"Shading Mode"},"sceneLighting":false,"audioPlay":false,"sceneViewState":{"showFog":true,"showMaterialUpdate":false,"showSkybox":false,"showFlares":true,"showImageEffects":true,"showParticleSystems":true},"in2DMode":false,"pivot":{"x":0.32889729738235476,"y":0.18130183219909669,"z":0.10253596305847168},"rotation":{"x":-0.019728729501366617,"y":-0.9772390127182007,"z":0.10446423292160034,"w":-0.1842292696237564},"size":9.37462329864502,"orthographic":false}