{"cameraMode":{"drawMode":0,"name":"Shaded","section":"Shading Mode"},"sceneLighting":false,"audioPlay":false,"sceneViewState":{"showFog":true,"showMaterialUpdate":false,"showSkybox":false,"showFlares":true,"showImageEffects":true,"showParticleSystems":true},"in2DMode":false,"pivot":{"x":0.6000000238418579,"y":18.799999237060548,"z":-6.300000190734863},"rotation":{"x":-0.2127724587917328,"y":-0.768538773059845,"z":0.319325715303421,"w":-0.5120236873626709},"size":1.9899741411209107,"orthographic":false}