{"cameraMode":{"drawMode":0,"name":"Shaded","section":"Shading Mode"},"sceneLighting":true,"audioPlay":false,"sceneViewState":{"showFog":true,"showMaterialUpdate":false,"showSkybox":true,"showFlares":true,"showImageEffects":true,"showParticleSystems":true},"in2DMode":false,"pivot":{"x":1.6626744270324708,"y":7.07246208190918,"z":-5.014889717102051},"rotation":{"x":-0.23346348106861115,"y":0.32610616087913515,"z":-0.08346669375896454,"w":-0.9124515652656555},"size":36.78861618041992,"orthographic":false}