{"cameraMode":{"drawMode":0,"name":"Shaded","section":"Shading Mode"},"sceneLighting":true,"audioPlay":false,"sceneViewState":{"showFog":true,"showMaterialUpdate":false,"showSkybox":true,"showFlares":true,"showImageEffects":true,"showParticleSystems":true},"in2DMode":false,"pivot":{"x":52.270477294921878,"y":42.649810791015628,"z":32.49919891357422},"rotation":{"x":0.24107559025287629,"y":-0.6563236117362976,"z":0.2342531979084015,"w":0.6755002737045288},"size":104.96431732177735,"orthographic":false}