{"cameraMode":{"drawMode":0,"name":"Shaded","section":"Shading Mode"},"sceneLighting":false,"audioPlay":false,"sceneViewState":{"showFog":true,"showMaterialUpdate":false,"showSkybox":false,"showFlares":true,"showImageEffects":true,"showParticleSystems":true},"in2DMode":false,"pivot":{"x":-2.284208297729492,"y":0.244232177734375,"z":9.45707893371582},"rotation":{"x":0.16327698528766633,"y":-0.1692744493484497,"z":0.028455687686800958,"w":0.9715700745582581},"size":10.145923614501954,"orthographic":false}