{"cameraMode":{"drawMode":0,"name":"Shaded","section":"Shading Mode"},"sceneLighting":true,"audioPlay":false,"sceneViewState":{"showFog":true,"showMaterialUpdate":false,"showSkybox":true,"showFlares":true,"showImageEffects":true,"showParticleSystems":true},"in2DMode":false,"pivot":{"x":226.80064392089845,"y":132.4263153076172,"z":-146.76834106445313},"rotation":{"x":0.019993850961327554,"y":0.7950456142425537,"z":0.026246022433042527,"w":-0.6056528687477112},"size":209.75587463378907,"orthographic":false}