{"cameraMode":{"drawMode":0,"name":"Shaded","section":"Shading Mode"},"sceneLighting":false,"audioPlay":false,"sceneViewState":{"showFog":true,"showMaterialUpdate":false,"showSkybox":false,"showFlares":true,"showImageEffects":true,"showParticleSystems":true},"in2DMode":false,"pivot":{"x":0.19580459594726563,"y":0.965869665145874,"z":-0.15539760887622834},"rotation":{"x":0.028702540323138238,"y":-0.8504167199134827,"z":-0.04652630165219307,"w":-0.5233947038650513},"size":3.758312225341797,"orthographic":false}