{"cameraMode":{"drawMode":0,"name":"Shaded","section":"Shading Mode"},"sceneLighting":false,"audioPlay":false,"sceneViewState":{"showFog":true,"showMaterialUpdate":false,"showSkybox":false,"showFlares":true,"showImageEffects":true,"showParticleSystems":true},"in2DMode":false,"pivot":{"x":-6.716516494750977,"y":0.097428098320961,"z":-0.2537537217140198},"rotation":{"x":-0.05916713550686836,"y":-0.16275082528591157,"z":0.009811041876673699,"w":-0.9850435853004456},"size":0.2660253643989563,"orthographic":false}