{"cameraMode":{"drawMode":0,"name":"Shaded","section":"Shading Mode"},"sceneLighting":true,"audioPlay":false,"sceneViewState":{"showFog":true,"showMaterialUpdate":false,"showSkybox":true,"showFlares":true,"showImageEffects":true,"showParticleSystems":true},"in2DMode":false,"pivot":{"x":-10.959063529968262,"y":13.740043640136719,"z":7.7727885246276859},"rotation":{"x":0.010632587596774102,"y":0.9392046332359314,"z":-0.3423022925853729,"w":0.02904617227613926},"size":89.74071502685547,"orthographic":false}