{"cameraMode":{"drawMode":0,"name":"Shaded","section":"Shading Mode"},"sceneLighting":true,"audioPlay":false,"sceneViewState":{"showFog":true,"showMaterialUpdate":false,"showSkybox":false,"showFlares":true,"showImageEffects":true,"showParticleSystems":true},"in2DMode":false,"pivot":{"x":-4.076245307922363,"y":5.903861999511719,"z":-1.0054540634155274},"rotation":{"x":0.00532506313174963,"y":-0.45964136719703677,"z":-0.002764299511909485,"w":-0.8881021738052368},"size":8.388525009155274,"orthographic":false}