{"cameraMode":{"drawMode":0,"name":"Shaded","section":"Shading Mode"},"sceneLighting":true,"audioPlay":false,"sceneViewState":{"showFog":true,"showMaterialUpdate":false,"showSkybox":false,"showFlares":true,"showImageEffects":true,"showParticleSystems":true},"in2DMode":false,"pivot":{"x":21.540000915527345,"y":4.329999923706055,"z":19.979999542236329},"rotation":{"x":-0.006990726571530104,"y":-0.9912991523742676,"z":0.118024080991745,"w":-0.058942072093486789},"size":8.66025447845459,"orthographic":false}