{"cameraMode":{"drawMode":0,"name":"Shaded","section":"Shading Mode"},"sceneLighting":false,"audioPlay":false,"sceneViewState":{"showFog":true,"showMaterialUpdate":false,"showSkybox":false,"showFlares":true,"showImageEffects":true,"showParticleSystems":true},"in2DMode":false,"pivot":{"x":7.659992218017578,"y":2.766672134399414,"z":69.7955551147461},"rotation":{"x":-0.11300403624773026,"y":-0.6916854977607727,"z":0.11090756207704544,"w":-0.7046743631362915},"size":3.649479866027832,"orthographic":false}