{"cameraMode":{"drawMode":0,"name":"Shaded","section":"Shading Mode"},"sceneLighting":true,"audioPlay":false,"sceneViewState":{"showFog":true,"showMaterialUpdate":false,"showSkybox":true,"showFlares":true,"showImageEffects":true,"showParticleSystems":true},"in2DMode":false,"pivot":{"x":1285.9356689453125,"y":263.19720458984377,"z":-89.16722106933594},"rotation":{"x":0.011977046728134156,"y":0.061456866562366489,"z":-0.0007375230779871345,"w":0.9980384707450867},"size":1153.4759521484375,"orthographic":true}