{"cameraMode":{"drawMode":0,"name":"Shaded","section":"Shading Mode"},"sceneLighting":false,"audioPlay":false,"sceneViewState":{"showFog":true,"showMaterialUpdate":false,"showSkybox":false,"showFlares":true,"showImageEffects":true,"showParticleSystems":true},"in2DMode":false,"pivot":{"x":-1.808909296989441,"y":-0.8604649901390076,"z":4.309844493865967},"rotation":{"x":-0.08745764940977097,"y":0.22977186739444734,"z":-0.02072771079838276,"w":-0.9691100716590881},"size":5.972850322723389,"orthographic":false}