{"cameraMode":{"drawMode":0,"name":"Shaded","section":"Shading Mode"},"sceneLighting":false,"audioPlay":false,"sceneViewState":{"showFog":true,"showMaterialUpdate":false,"showSkybox":false,"showFlares":true,"showImageEffects":true,"showParticleSystems":true},"in2DMode":false,"pivot":{"x":-5.448270797729492,"y":-10.192337036132813,"z":-16.8391170501709},"rotation":{"x":-0.1822248101234436,"y":0.6875939965248108,"z":-0.18475647270679475,"w":-0.6781726479530335},"size":19.18484115600586,"orthographic":false}