{"cameraMode":{"drawMode":0,"name":"Shaded","section":"Shading Mode"},"sceneLighting":false,"audioPlay":false,"sceneViewState":{"showFog":true,"showMaterialUpdate":false,"showSkybox":false,"showFlares":true,"showImageEffects":true,"showParticleSystems":true},"in2DMode":false,"pivot":{"x":-0.4859151542186737,"y":1.2218916416168213,"z":-0.507784366607666},"rotation":{"x":-0.1747807413339615,"y":-0.646975040435791,"z":0.15577289462089539,"w":-0.7257221341133118},"size":1.0732052326202393,"orthographic":false}