{"cameraMode":{"drawMode":0,"name":"Shaded","section":"Shading Mode"},"sceneLighting":false,"audioPlay":false,"sceneViewState":{"showFog":true,"showMaterialUpdate":false,"showSkybox":false,"showFlares":true,"showImageEffects":true,"showParticleSystems":true},"in2DMode":false,"pivot":{"x":0.19580459594726563,"y":0.965869665145874,"z":-0.15539760887622834},"rotation":{"x":-0.014009655453264714,"y":-0.7179597020149231,"z":-0.014539805240929127,"w":0.6958913803100586},"size":3.758312225341797,"orthographic":false}