{"cameraMode":{"drawMode":0,"name":"Shaded","section":"Shading Mode"},"sceneLighting":true,"audioPlay":false,"sceneViewState":{"showFog":true,"showMaterialUpdate":false,"showSkybox":true,"showFlares":true,"showImageEffects":true,"showParticleSystems":true},"in2DMode":false,"pivot":{"x":27.126537322998048,"y":255.77328491210938,"z":240.91610717773438},"rotation":{"x":-0.04700430482625961,"y":-0.6828563213348389,"z":0.0441049225628376,"w":-0.7277355194091797},"size":225.4178466796875,"orthographic":false}