{"cameraMode":{"drawMode":0,"name":"Shaded","section":"Shading Mode"},"sceneLighting":true,"audioPlay":false,"sceneViewState":{"showFog":true,"showMaterialUpdate":false,"showSkybox":true,"showFlares":true,"showImageEffects":true,"showParticleSystems":true},"in2DMode":false,"pivot":{"x":-13.572006225585938,"y":1.7025517225265504,"z":20.97100830078125},"rotation":{"x":-0.049976710230112079,"y":0.9494779706001282,"z":-0.23538386821746827,"w":-0.2017776221036911},"size":106.53426361083985,"orthographic":false}