{"cameraMode":{"drawMode":0,"name":"Shaded","section":"Shading Mode"},"sceneLighting":true,"audioPlay":false,"sceneViewState":{"showFog":true,"showMaterialUpdate":false,"showSkybox":true,"showFlares":true,"showImageEffects":true,"showParticleSystems":true},"in2DMode":false,"pivot":{"x":-23.882431030273439,"y":13.722604751586914,"z":-5.227022647857666},"rotation":{"x":-0.13448187708854676,"y":0.7949094176292419,"z":-0.19072522222995759,"w":-0.5603681802749634},"size":75.84144592285156,"orthographic":false}