{"cameraMode":{"drawMode":0,"name":"Shaded","section":"Shading Mode"},"sceneLighting":false,"audioPlay":false,"sceneViewState":{"showFog":true,"showMaterialUpdate":false,"showSkybox":false,"showFlares":true,"showImageEffects":true,"showParticleSystems":true},"in2DMode":false,"pivot":{"x":23.95387077331543,"y":-0.0000064373016357421878,"z":-32.055362701416019},"rotation":{"x":-0.1828678399324417,"y":0.1916261911392212,"z":-0.03632272034883499,"w":-0.9638065695762634},"size":2.0912694931030275,"orthographic":false}