{"cameraMode":{"drawMode":0,"name":"Shaded","section":"Shading Mode"},"sceneLighting":true,"audioPlay":false,"sceneViewState":{"showFog":true,"showMaterialUpdate":false,"showSkybox":true,"showFlares":true,"showImageEffects":true,"showParticleSystems":true},"in2DMode":false,"pivot":{"x":-16.99102783203125,"y":11.952107429504395,"z":12.342092514038086},"rotation":{"x":-0.23918962478637696,"y":-0.011890709400177002,"z":0.002932001603767276,"w":-0.971107006072998},"size":2.436448097229004,"orthographic":false}