{"cameraMode":{"drawMode":0,"name":"Shaded","section":"Shading Mode"},"sceneLighting":false,"audioPlay":false,"sceneViewState":{"showFog":true,"showMaterialUpdate":false,"showSkybox":false,"showFlares":true,"showImageEffects":true,"showParticleSystems":true},"in2DMode":false,"pivot":{"x":-79.80000305175781,"y":377.8999938964844,"z":-88.0999984741211},"rotation":{"x":0.007162944413721561,"y":0.992445707321167,"z":0.1000794768333435,"w":-0.07128939777612686},"size":7.328801155090332,"orthographic":false}