{"cameraMode":{"drawMode":0,"name":"Shaded","section":"Shading Mode"},"sceneLighting":false,"audioPlay":false,"sceneViewState":{"showFog":true,"showMaterialUpdate":false,"showSkybox":false,"showFlares":true,"showImageEffects":true,"showParticleSystems":true},"in2DMode":false,"pivot":{"x":-0.019473815336823465,"y":2.484574317932129,"z":0.4009976387023926},"rotation":{"x":0.008887137286365033,"y":-0.9799915552139282,"z":0.044923629611730579,"w":0.19385428726673127},"size":11.56041431427002,"orthographic":false}