{"cameraMode":{"drawMode":0,"name":"Shaded","section":"Shading Mode"},"sceneLighting":true,"audioPlay":false,"sceneViewState":{"showFog":true,"showMaterialUpdate":false,"showSkybox":true,"showFlares":true,"showImageEffects":true,"showParticleSystems":true},"in2DMode":false,"pivot":{"x":423.95587158203127,"y":166.29132080078126,"z":-183.1106719970703},"rotation":{"x":0.015582849271595478,"y":0.9828373193740845,"z":-0.15609167516231538,"w":0.09822972118854523},"size":10.0,"orthographic":false}