{"cameraMode":{"drawMode":0,"name":"Shaded","section":"Shading Mode"},"sceneLighting":true,"audioPlay":false,"sceneViewState":{"showFog":true,"showMaterialUpdate":false,"showSkybox":true,"showFlares":true,"showImageEffects":true,"showParticleSystems":true},"in2DMode":false,"pivot":{"x":-19.67253303527832,"y":25.501501083374025,"z":-224.9632568359375},"rotation":{"x":-0.2614787518978119,"y":0.5864243507385254,"z":-0.20779961347579957,"w":-0.7380825281143189},"size":15.185781478881836,"orthographic":false}