{"cameraMode":{"drawMode":0,"name":"Shaded","section":"Shading Mode"},"sceneLighting":false,"audioPlay":false,"sceneViewState":{"showFog":true,"showMaterialUpdate":false,"showSkybox":false,"showFlares":true,"showImageEffects":true,"showParticleSystems":true},"in2DMode":false,"pivot":{"x":0.703040361404419,"y":0.6159165501594544,"z":1.4282581806182862},"rotation":{"x":-0.05523328483104706,"y":0.8538349866867065,"z":-0.09257068485021591,"w":-0.5093671679496765},"size":4.619977951049805,"orthographic":false}