{"cameraMode":{"drawMode":0,"name":"Shaded","section":"Shading Mode"},"sceneLighting":false,"audioPlay":false,"sceneViewState":{"showFog":true,"showMaterialUpdate":false,"showSkybox":false,"showFlares":true,"showImageEffects":true,"showParticleSystems":true},"in2DMode":false,"pivot":{"x":-0.8982585668563843,"y":11.05795955657959,"z":0.1746804118156433},"rotation":{"x":-0.052334774285554889,"y":0.9202162027359009,"z":-0.13202472031116486,"w":-0.36476293206214907},"size":1.6743197441101075,"orthographic":false}