{"cameraMode":{"drawMode":0,"name":"Shaded","section":"Shading Mode"},"sceneLighting":false,"audioPlay":false,"sceneViewState":{"showFog":true,"showMaterialUpdate":false,"showSkybox":false,"showFlares":true,"showImageEffects":true,"showParticleSystems":true},"in2DMode":false,"pivot":{"x":-6.285496711730957,"y":271.9117431640625,"z":70.82791900634766},"rotation":{"x":0.1059432253241539,"y":0.7283311486244202,"z":-0.11568702012300492,"w":0.6671969890594482},"size":4.225677967071533,"orthographic":false}