{"cameraMode":{"drawMode":0,"name":"Shaded","section":"Shading Mode"},"sceneLighting":false,"audioPlay":false,"sceneViewState":{"showFog":true,"showMaterialUpdate":false,"showSkybox":false,"showFlares":true,"showImageEffects":true,"showParticleSystems":true},"in2DMode":false,"pivot":{"x":0.0,"y":-0.49009448289871218,"z":0.002355337142944336},"rotation":{"x":-0.05787279084324837,"y":-0.8443920612335205,"z":0.0913645550608635,"w":-0.5256472826004028},"size":3.8116471767425539,"orthographic":false}