{"cameraMode":{"drawMode":0,"name":"Shaded","section":"Shading Mode"},"sceneLighting":false,"audioPlay":false,"sceneViewState":{"showFog":true,"showMaterialUpdate":false,"showSkybox":false,"showFlares":true,"showImageEffects":true,"showParticleSystems":true},"in2DMode":false,"pivot":{"x":1348.10595703125,"y":357.8033447265625,"z":-6.245586395263672},"rotation":{"x":-0.011730643920600415,"y":-0.025919955223798753,"z":0.0010185373248532415,"w":1.000162124633789},"size":68.15787506103516,"orthographic":false}