{"cameraMode":{"drawMode":0,"name":"Shaded","section":"Shading Mode"},"sceneLighting":true,"audioPlay":false,"sceneViewState":{"showFog":true,"showMaterialUpdate":false,"showSkybox":true,"showFlares":true,"showImageEffects":true,"showParticleSystems":true},"in2DMode":false,"pivot":{"x":1086.4798583984375,"y":549.740234375,"z":-725.737548828125},"rotation":{"x":0.01167660765349865,"y":0.6283509731292725,"z":-0.009415647946298123,"w":0.7778191566467285},"size":143.74749755859376,"orthographic":false}