{"cameraMode":{"drawMode":0,"name":"Shaded","section":"Shading Mode"},"sceneLighting":true,"audioPlay":false,"sceneViewState":{"showFog":true,"showMaterialUpdate":false,"showSkybox":true,"showFlares":true,"showImageEffects":true,"showParticleSystems":true},"in2DMode":false,"pivot":{"x":425.97857666015627,"y":153.44021606445313,"z":433.3912048339844},"rotation":{"x":0.0015748454025015236,"y":0.9969818592071533,"z":0.0749143660068512,"w":-0.020939389243721963},"size":269.5903015136719,"orthographic":false}