{"cameraMode":{"drawMode":0,"name":"Shaded","section":"Shading Mode"},"sceneLighting":true,"audioPlay":false,"sceneViewState":{"showFog":true,"showMaterialUpdate":false,"showSkybox":true,"showFlares":true,"showImageEffects":true,"showParticleSystems":true},"in2DMode":false,"pivot":{"x":62.435279846191409,"y":37.32140350341797,"z":-112.51968383789063},"rotation":{"x":-0.006859293673187494,"y":0.8029823303222656,"z":0.0038719994481652977,"w":0.5978818535804749},"size":108.90875244140625,"orthographic":false}