{"cameraMode":{"drawMode":0,"name":"Shaded","section":"Shading Mode"},"sceneLighting":true,"audioPlay":false,"sceneViewState":{"showFog":true,"showMaterialUpdate":false,"showSkybox":true,"showFlares":true,"showImageEffects":true,"showParticleSystems":true},"in2DMode":false,"pivot":{"x":866.4738159179688,"y":466.1000061035156,"z":-641.7777099609375},"rotation":{"x":0.025859927758574487,"y":0.6287411451339722,"z":-0.021000271663069726,"w":0.7773025035858154},"size":161.01858520507813,"orthographic":false}