{"cameraMode":{"drawMode":0,"name":"Shaded","section":"Shading Mode"},"sceneLighting":true,"audioPlay":false,"sceneViewState":{"showFog":true,"showMaterialUpdate":false,"showSkybox":true,"showFlares":true,"showImageEffects":true,"showParticleSystems":true},"in2DMode":false,"pivot":{"x":1302.27587890625,"y":633.4796142578125,"z":-1.7408409118652344},"rotation":{"x":-0.000002572407993284287,"y":0.16515353322029115,"z":0.000012318080734985415,"w":-0.9863067269325256},"size":665.8138427734375,"orthographic":false}