{"cameraMode":{"drawMode":0,"name":"Shaded","section":"Shading Mode"},"sceneLighting":false,"audioPlay":false,"sceneViewState":{"showFog":true,"showMaterialUpdate":false,"showSkybox":false,"showFlares":true,"showImageEffects":true,"showParticleSystems":true},"in2DMode":false,"pivot":{"x":0.0,"y":-0.49009448289871218,"z":0.002355337142944336},"rotation":{"x":-0.31862106919288638,"y":-0.6747375130653381,"z":0.40580281615257265,"w":-0.5287072658538818},"size":0.5116475224494934,"orthographic":false}