{"cameraMode":{"drawMode":0,"name":"Shaded","section":"Shading Mode"},"sceneLighting":false,"audioPlay":false,"sceneViewState":{"showFog":true,"showMaterialUpdate":false,"showSkybox":false,"showFlares":true,"showImageEffects":true,"showParticleSystems":true},"in2DMode":false,"pivot":{"x":0.0,"y":3.5330920219421388,"z":2.802000045776367},"rotation":{"x":-0.030932893976569177,"y":-0.7800012230873108,"z":0.03862364590167999,"w":-0.6239538788795471},"size":1.5195767879486085,"orthographic":false}