{"cameraMode":{"drawMode":0,"name":"Shaded","section":"Shading Mode"},"sceneLighting":true,"audioPlay":false,"sceneViewState":{"showFog":true,"showMaterialUpdate":false,"showSkybox":false,"showFlares":true,"showImageEffects":true,"showParticleSystems":true},"in2DMode":false,"pivot":{"x":21.540000915527345,"y":4.329999923706055,"z":19.979999542236329},"rotation":{"x":0.0047158547677099709,"y":0.9955468773841858,"z":-0.0931129977107048,"w":0.03642238676548004},"size":8.66025447845459,"orthographic":false}