{"cameraMode":{"drawMode":0,"name":"Shaded","section":"Shading Mode"},"sceneLighting":false,"audioPlay":false,"sceneViewState":{"showFog":true,"showMaterialUpdate":false,"showSkybox":false,"showFlares":true,"showImageEffects":true,"showParticleSystems":true},"in2DMode":false,"pivot":{"x":-1.231095314025879,"y":0.8431012034416199,"z":1.3325748443603516},"rotation":{"x":-0.05029239505529404,"y":-0.6459883451461792,"z":0.0426737405359745,"w":-0.7606022953987122},"size":6.94960880279541,"orthographic":false}