{"cameraMode":{"drawMode":0,"name":"Shaded","section":"Shading Mode"},"sceneLighting":false,"audioPlay":false,"sceneViewState":{"showFog":true,"showMaterialUpdate":false,"showSkybox":false,"showFlares":true,"showImageEffects":true,"showParticleSystems":true},"in2DMode":false,"pivot":{"x":1805.256591796875,"y":471.72662353515627,"z":-664.802001953125},"rotation":{"x":0.47879937291145327,"y":-0.5153340697288513,"z":0.44246160984039309,"w":0.5569290518760681},"size":492.73486328125,"orthographic":false}