{"cameraMode":{"drawMode":0,"name":"Shaded","section":"Shading Mode"},"sceneLighting":true,"audioPlay":false,"sceneViewState":{"showFog":true,"showMaterialUpdate":false,"showSkybox":true,"showFlares":true,"showImageEffects":true,"showParticleSystems":true},"in2DMode":false,"pivot":{"x":-15.637709617614746,"y":8.183858871459961,"z":26.602874755859376},"rotation":{"x":-0.14020971953868867,"y":0.40722793340682986,"z":-0.06342200934886933,"w":-0.9002745747566223},"size":88.68362426757813,"orthographic":false}